商品名称,商品价格,销量,店铺链接
中大力德直营 ZD中大力德ZDFZDE高精密齿轮机直齿配步进伺服电机齿轮箱,¥378.0,成交6000+元,https://dj.1688.com/ci_bb?spm=a26352.13672862.offerlist.2.160a1e62phJvGo&a=2738&e=a4xdehCz91Pgr1R9YClO22Foj2GqW8P2jsHSHVQh908Q.oLGPNjvbPnxCVTW3ensqo9WbmyzT.8Z.kmHCCoBuUCgo7ebO5Wr9ImunR10skZVX9ujIa5Ofrb8PLQ3qNUP7EAXKau1o3m9WCHu7fKk8hURXDWfgQipnXhiVVKiK5SVP9HXcA-x98hvELvDmnrM8x1ka1Vsey3MWOOFd9tHXLlCcIUY7mPZaYWzJcql6dsItiV3Az3m6Hjqfo7QwA.dL-8ASJx8gHZ1NceculmsltTbI4MLVbemyxCkSESfzHLfUPGOUK.c.bw6Zq.-.ij5kpmGho6BNo0CSI1uZnjnuSROpKuTGk-GbyhUdDRqKsKlVQj8yaYKls3ObKQ7iuHNZXW9deeM6CNHYEsnkipo-hbAT39uxLDfVSjCGKV4IXfvdTBKnh9FyIKIsLaUCrLHWiTceVxTbzvrjirkjHXYOlgCgWEw0tPr6BvsecgJc1o4BEv.udJRH6Jx7O7lIsU95YMcmK7hy-BKPOjWGIry12X32RHQj-6WBzV9.zBRXFgE4l3rhIAnzNTS8ivZOI.1BiM9pC-Im1H9.WNH3SsOMCC53GKC7d8H4gm5q-QURVEZoNvN1YRu9xjrYtSHQQzPFbim9h7K14HYuZwV.k0ehw6h.X7xb9YQjxHoeRPyt53gmNB16JYwNNNlKEck6QI-DEiKZxZT2A.WPh3OMoADzj4ofgRh.yzFV..gVgXwNdOuyRHrr5jMGURqZQmWkc5VLbDD8hGTPoIjYjEdyAhdxJSWVh4k66EkY0xgqp.8QOT4bSS4ZBNl3t4omD5SjzI3zDs0j6QBivKm9CE98f5AD5CKvFPzoQT2yUgD2rrTYY9nzqykwi1CXQl1Ok5KmwLHGCUA2OylitDwvBoNah-SMfMuSmEHGSbxrqt1CJnFqF39Wdlw2VLpwOYs2aQ.QWrVjwIH.JddcMXmVS9dev5fGlTbePnEJFmIoBf8MkQZ-9CEesv7DiQ8TNPwFSeEndZVNNZHNjtevoNObqlpaUGtZ3HmDjzgEdhlXlfUMHTIJB-0vz7GupKXtyk7D4o2qWtHGKF0Kh77wACO1ofgO38NHBx928sA4vuYdXL.tEjyw1i9XHPMNel4xxY2MjwSt2TXPWVBNrx2yNhSuNQOXAcu4OMwg4QC3OFoMhfqQ4LN39Y8JVQkHUvnjCeyjG.x2HxguGXo7zynKKyN19W4kbUKj1vKce1pIpMUMZC7ycnLXYE3T0OS7ji0xUJ794Jm7dw7vHE6gz15L4c.ypqMKbWhINU7oOLJb-mDpDxiGPjT4aZOLidgfvkXZSie-0TptdaVUrcBX1Rzx3iUoKQGfablXgXrjqZlfDkhT65TdRKS36zFUmcvLlFcjE6StOGjiEryzkumhYeLHUV9Lalfc9bGiyehn.caoCnUtzh.f5PPH2PSgR0PlFGk4fjG4Q48dcwdyAmtTlttSLa8G0K3dCaPfbbIBVU9yQLQiXZTjqpESDW2TDkamh9g6BHdqoHq.DFH5Uf-IAStrVoorQ2pKRVpntqvDadZ96yaLuwgCk95mDTvfRK.i4XfvCr5nb4kUtzku-T-ka.supmobeV0epF1K-wB3KKVsGoSfiS7uSSa.8LMR7NPuELPm7npQh23VOqIp5-VgmvmhG64bBV1zT9ehxplzeV4h9p8N9wwlbIKuzr7u9lETDn3phCVHKCBH8.PNgnfjOKGBeM_&v=4&ap=1&rp=1&idx=1&sw_check_ab=283324
卧式摆线针轮减速机 BWD减速机厂家 泰兴摆线针轮减速器,¥600.0,成交8000+元,https://detail.1688.com/offer/632556947882.html?spm=a26352.13672862.offerlist.7.160a1e62phJvGo
东莞厂家伺服行星减速器 PLF060-L1伺服电机用 直齿行星减速机,¥280.0,成交6000+元,https://detail.1688.com/offer/649975010027.html?spm=a26352.13672862.offerlist.12.160a1e62phJvGo
供应3弧分精密行星减速机直角90°高精度伺服减速器,¥695.0,成交1万+元,https://detail.1688.com/offer/618585338139.html?spm=a26352.13672862.offerlist.18.160a1e62phJvGo
现货厂家直发经济型精密减速机KLF直齿机 伺服机,¥240.0,,https://dj.1688.com/ci_bb?spm=a26352.13672862.offerlist.23.160a1e62phJvGo&a=2738&e=eFRrC5oxj4Lgr1R9YClO22Foj2GqW8P2jsHSHVQh908Q.oLGPNjvbPnxCVTW3ensqo9WbmyzT.-zaHDL-2gBIvzX0c3KBoYM0Fv2K0F508v8WrQ6ngBIGpngseEN59U7j7IqO0mgEJW1VWLEKzHll0qEIRN2.fQA84aBuSURlOyaZkoMVx2wvFAtAXKjA6JNnu4zrfne1z6Z..68LgJYzEMHvlfa0wqZ6XS6t9Nddp7MFU0XQMTbY75hdSPzHsHVNeEVB56QCkpRIhtrNX1pA-uvMUjk7lKedJK0sOLJs9YSDGEaaT7BMrC.13X5OTGnOXl0h4lia5DNrFD8lclY8vbhbOPOKxgNlEL7-YmZ9yT7uGf7-Lr3-kHaJdXxiUCTbYqd-UAYuor4-jNKpV3tGuv9DNm7R0R5G9rvQ.C-8HxkOIVeXmQvZ5rNv1u5enY1jnIovbvCatoRwIwkAu3arI0DFgzCK5KDea8VKLseb71nqyWUEsDzIkqEIRN2.fQAbbF1g20s.p-gn8jbfjXp3rpFJYEXjY-6VkXtKv6m6eBiAzUGnBh82thlmD-4-.uH787SBkPWcLuKw-RIod5HaoC7IA1nbsb4C6kvTCyXh4JLXNCGuasEvhvfJACMHrwZLKpPhwZEnYmW4HyHSycqqMXPCdp4QD5HaVQJ-wvwr-Y7dBtvbozvz5CILYTCDa7GrSjHMNBa6MgDgdBEksuYcgznFXxYrcBDGuTd63pglQ.3sWjoLH5Iw-eFs6bnvMgye6kNUW9t6-qr0mYQRlqVAnL6832.djVI5kQCUAaVcGrL14ZqZi4n3P-byH2PT8IPzEUMBN6qRKoWmMrZRvHRGRbS1Fi4RNOe.lNnwKwLO-gX8lRp2i8snfd-5IcVKqmVo3Zh48Mm3yh39qWYAxiYcz3i0h7IYwczOISCwqNRfhDS9yBfCtUhjGLuTY-YyfRHU3LKdTPxQFP2yxIqpwe3f8l.ult9rY8RDvK4ecRBhdIxnhm5FJn2AYg1I-f-Lj-RI6ErfEgZBrv.SFa17lGCMwLiX9Ds8hpnoVFautem-RAFbbKfiyNm1G80tUx-BKnXiCu2qFQNW7i9EYD91mUboxVKpKEt7xQK1UzJ.yH1N4cx4bW3fHECdBs5c07uiwQRljCAcTUmpeL6iTdUtQb3TkWGaM.0AxDoRpOpCug9yIFa9x2cr6zabKzP1wuW7dPSwTjyHRT6gRFlZ2QdhlRGv62FgqXVnmej0ZPDqJRl7Cz8xSD4UC-vEA-OQw-waSTJKWHPi-VM7WN89O1whzx5kGoVyB6K7m56S2o.OsKaaxtn7utl7WXUBfrdjNlkBa9iZPGnWo-AuAJYinw1EEe6.8u3d4BP.p.MumL.lv0weCuscL35oA90VJFJI9Ak0ZP4DXJdzm4lhLKXuQ7WJojAZ4La3tUgxxkoPcieC7fwjhfMme4YyoyEQOF68J87SoP5VY3-c7wd2QHRXKkzYCjW30nU17BVZ2Oyc9RZ.MJX9P.ubRA4-uCyG0QCqWdjFrFEJGFRgaiGmKnI.SlDXTIbhxLKYvLm7E-YNSsue7kGPpwajNc.nCwr7pMrELANJya9NcarBsvLZR1n5B71szoCdPpw8NuAbYpUtk2Em9UT7vVlKpd7YbxrvTcEmVIvl80ZrYgtVbclyxXlzzJQY6BMb4TwVSJVT44fH8rCQ6TcblXbdAA-9y0xmEhdBkZjeyc-04q9gzprzY4tSohuZivoJw__&v=4&ap=2&rp=2&idx=2&idx=5&sw_check_ab=283324
源头厂家PX60系列高精密伺服行星减速机/伺服马达专配,¥190.0,,https://dj.1688.com/ci_king?spm=a26352.13672862.offerlist.28.160a1e62phJvGo&a=1393016239&e=p3-.5n8RgG9fpDhAgME1HVoID4Wu.eZVfEtKnslKKrHPpstOSO8z8GZE-bckUBYkpSkqIvXbnnwFJUy9u1FgpYkfNO6gnQ6Q7.OxihbjFl-ZoBYWLxMRjUxREemBrSiXYFVp8tPBk7d2XVXhl3vJYb5YsvHajFTMGucldm8tAEFVs1imwwnTRKcYpyupyZ2tEbVIiEbYl4vSgRo6DW2JwJlkKw3Vj7c5dHx1nMRtJOQdC9wTaVpvoyQ9HhkZVsdDyFtjhYFSEjVoAWqSb1Q9Lc1d9RmkOdYHxCPs-PaHxrZ9uq6Yj-zw0LuPsJX0Wv6K5j.Q8RuaoGDuoff0Tc3bNKOyee96U2YuO3rmNAmF.0XX6nh5ltwAC3wlaWO2nhJEvkm5i5wz5OzgIRLAJi2C9bJSLt4E2FJGM4kkebL.9Fv6ATQ70K6J7JiTSKaUh7qJhSLbiEHxBEgKUs31xjqbm5oMuQzt3FpV-ogi.yRhhQhw-2Zto7QP3ZEO5lOF7weVPr0f7gLSTvwhS0GGXVptrUbDYlGK0dvzLNpbeTVaFyam81cbFQlFLYqR.v854uNSO01Z-0RNq9D0wuXPoP96XkPX99ewB9c2&v=4&pos=0&idx=6&sw_check_ab=283324
MAXDRE玛瑷斯精密行星减速机 MAB,¥380.0,,https://dj.1688.com/ci_bb?spm=a26352.13672862.offerlist.32.160a1e62phJvGo&a=2738&e=qUAlLU.6wx.gr1R9YClO22Foj2GqW8P2jsHSHVQh908Q.oLGPNjvbPnxCVTW3ensRiEBce8TRYHBmSi0iVmf.uELCh1V.SArKTvFBPgqRRQb60IHm84gMfLCFeNPipNjrPfG-BIVV6SPBYcj8osH3A2D8I5bUBZJhY1rtjUXl38jTqldyAhTSFpns.4l7uphJmMeoDAy9gPWa35vGLyqlbjVwUxhA1lIMOk6LXk0fxqp0RYqBEmzXe3yBFOkhI9ei7vS3jdHFOurGoy4GmGEDodf1dPA7c3A7IyrWCvr5YLEpD4xT-OlXRWZs1KsUs9fP1rAVUW39X4nYahOfKDTuvC6ZQ5WeBkgaVeKRAl4Gp9D4zOUdOXKw1LjI9D5HNvKSfAHkHA2m5cMqrLnyTHmIheMXpzx9K7ywM41sckP6ApPkHQ-v8CASU9Yd-WyF4V-C1bZcUhU1yspH4EsrTNgQXv97t8dDddehbhIpTcWQNePBYcj8osH3PZUOyeb1Mum0R9OKdPaoTeCPOMoF5V2pPlpCMRkOKbhi2JjfPZ.NHsoc6vHLrrXMBroRuVUoWpFMU7q50xQ1VdNHOtnReISPoxhlAxZcHsY9S4jFdhvvho-8-wzwPpXdrFUuuLYh1-1BZZ1iBW2hEtjp21M8KgKzL6eKsgukXutIG3-LGHoVd-OP41FetF.W2aXtZjJEdk-ZMYclWm9KVfKgmTTsgbha1At0SsbF2cBv3Z-CNokeS1xTRmqZnVIDqHLUlRaID2GhxLSot-XAzAHxMDz43RilkM7UNSwcziNOiw.FG7qTUlh4JM1qGX4MTGLCe0OEKokZ7eJ.QZw5Hud8YVa-6.42B95pEg860HA8NpE-cMnCKBwZeq8Tj-nO1MdbDGPSK05CNelS5Hh4M-WCYgfHoOJ6TLvTxL-bj6i-P5In4eepQ43jEEKi7p2vN9Y9J16EMFnVcaeWfkUvBW5Eq.RUyMKfAWlVI8TydBxg5m6.mNtO3-kCig-RV710lzo.xI3xpAiIylNQB8NX5EzjlaOj33DiukePlvAPY1ykBXRUo0NmeoHRg3lGJ0bkdPXy.Rl-noL-vZ6mGgd.ealKWjv9GijO1IbrsNpuNQ9pZxZrTvGOg.jPZvpwF6ulgWjMZUmPDc3Dhpp-UoV.5Oiev.AOPDRU-TX12uW8Yg.JKDEdGiXvijQGuvcqLVvVZ-mxdP9VL3gC6qRm-wZU4Q1ougMZGiN8y8gCO4DvOoqGTgVgySnmdgzDX5UdpctB-ReZFWoDKQw-lshymDMvJuwk0y.86KRrBauXV6s7-a6v-RFVbJWme-eikHCC.R.yLcaB0kFLlI3zG3pW9FKUFNtABz8eutgQGLI5HW4yx3B6VcWyl4HILwCQnSmb7IBKtKd8Y3WG2eetlQOAk462v7KJng5T6gYWxNfK45raI6hPj7bjXi3AjexFtcGxnob4f3aqzUMErOAjsHp9Q0fOKj9EByXwUNM6Yv-GPX1.PGH03-qBQ8WJUhoq2zd0C7DvBeTb2pyLTHHSQVwX89lk9SQcxRMGBK70qkWXL2Vo4b-iDNPSK3gKU88a4xzL05G4TTMfuX8XJ-hanKxiZvRgQY-fIvNP9b-kJpJ0.RSC5INZXwS3pQ4qXmsUQual9elddMsrPCaIeWLhEr7FJlVT4mU613vE93VRFw2mUd5VVJ0GUdkrBI-.13jW7dLpY597c-Y-Nr8psDFTJJ8DWy48PE_&v=4&ap=3&rp=3&idx=3&idx=7&sw_check_ab=283324
PLF120精密直齿行星减速机，适配各种伺服，步进，混合电机,¥750.0,,https://dj.1688.com/ci_bb?spm=a26352.13672862.offerlist.36.160a1e62phJvGo&a=2738&e=SVMdflesTqDgr1R9YClO22Foj2GqW8P2jsHSHVQh908Q.oLGPNjvbPnxCVTW3ensqo9WbmyzT..8-rDS-hW-GMS2xS7OfpU9clA5PjqP2X1RL1jMYwC-UVVf26Mhrk5-tvw8tDeo1Q.sQBcpq7WjeYOkZrTmqPeq6i8P3B2aM9TG1oUpwd2mN9.1JMkUe5CUvrEqE9PZ5Cb9IVMVwIavdUFp0-A4BEnazvSio7XH0ad0ZMIkeej7J9Zrfm8YvKqV0oIeugDo0y-klAfaQjnkLyAw5p5fvbMSL-8ASJx8gHZ1NceculmsltTbI4MLVbemyxCkSESfzHLfUPGOUK.c.bw6Zq.-.ij5kpmGho6BNo0CSI1uZnjnuSROpKuTGk-GbyhUdDRqKsKlVQj8yaYKls3ObKQ7iuHNZXW9deeM6CNHYEsnkipo-hbAT39uxLDfVSjCGKV4IXfvdTBKnh9FyCKDkAGZQghQUkW96VmcIsLNoMsA5u-hE80yUxxCTXTx6BvsecgJc1o3LKPqH47EDpFKjlZoVr9I5YMcmK7hy-BKPOjWGIry12X32RHQj-6WBzV9.zBRXFgE4l3rhIAnzNTS8ivZOI.1BiM9pC-Im1H9.WNH3SsOMCC53GKC7d8H4gm5q-QURVEZoNvN1YRu9xjrYtSHQQzPFbim9h7K14HYuZwV.k0ehw6h.X7xb9YQjxHoeRPyt53gmNB16JYwNNNlKEck6QI-DEiKZxZT2A.WPh3OMoADzj4ofgRh.yzFV..gVgXwNdOuyRHrr5jMGURqZQmWkc5VLbDD8hGTPoIjYjEdyAhdxJSWVh4k66EkY0xgqp.8QOT4bSS4ZBNl3t4omD5SjzI3zDs0j6QBivKm9CE98f5AD5CKvFPzoQT2yUgD2rrTYY9nzqykwi1CXQl1Ok5KmwLHGCUA2OylitDwvBoNah-SMfMuSmEHGSbxrqt1CJnFqF39Wdlw2VLpwOYs2aQ.QWrVjwIH.JddcMXmVS9dev5fGlTbePnEJFmIoBf8MkQZ-9CEesv7DiQ8TNPwFSeEndZVNNZHNjtevoNObqlpaUGtZ3HmDjzgEdhlXlfUMHTIJB-0vz7GupKXtyk7D4o2qWtHGKF0Kh77wACO1ofgO38NHBx928sA4vuYdXL.tEjyw1i9XHPMNel4xxY2MjwSt2TXPWVBNrx2yNhSuNQOXAcu4OMwg4QC3OFoMhfqQ4LN39Y8JVQkHUvnjCeyjG.x2HxguGXo7zynKKyN19W4kbUKj1vKce1pIpMUMZC7ycnLXYE3T0OS7ji0xUJ794Jm7dw7vHE6gz15L4c.ypqMKbWhINU7oOLJb-mDpDxiGPjT4aZOLidgfvkXZSie-0TptdaVUrcBX1Rzx3iUoKQGfablXgXrjqZlfDkhT65TdRKS36zFUmcvLlFcjE6StOGjiEryzkumhYeLHUV9Lalfc9bGiyehn.caoCnUtzh.f5PPH2PSgR0PlFGk4fjG4Q48dcwdyAmtTlttSLa8G0K3dCaPfbbIBVU9yQLQiXZTjqpESDW2TDkamh9g6BHdqoHq.DFH5Uf-IAStrVoorQ2pKRVpntqvDadZ96yaLuwgCk95mDTvfRK.i4XfvCr5nb4kUtzku-T-ka.supkCm8Qd0qyK6gOybrhV78abjqvpMiqvcQX4RgTjkBpyyqHxJkODIwPnOIEYe9w5sGs0IZzdt.tuAZTCX5ohCCQPTuHZ.L.c25wCZr4YdlBREAtIAr3kQAQRNtT9LFso-lk_&v=4&ap=4&rp=4&idx=4&idx=8&sw_check_ab=283324
非标精密行星齿轮减速机配步进伺服电机变速机箱齿轮箱,¥180.0,,https://dj.1688.com/ci_bb?spm=a26352.13672862.offerlist.40.160a1e62phJvGo&a=2738&e=2pJkACEZfyTgr1R9YClO22Foj2GqW8P2jsHSHVQh908Q.oLGPNjvbPnxCVTW3ensqo9WbmyzT.8X3ThoegclcgxOn-GGc3KNfFwUPvgiUiTW5MPZViVWH1Vf26Mhrk5-tvw8tDeo1Q.sQBcpq7WjeXIBBfj3Tt5fRZ2yWSVTrzX1Jn4sGpiqXkn1RVuoydWWtM7Ms6-MhvxN6lKfJKaH45YWOgdYxRdoW5-D6pLMpMVQxvDU3yGYEtZrfm8YvKqVYFwtjiGEBjWc.ikgXEuo0JFBDNazHeL2L-8ASJx8gHZ1NceculmsltTbI4MLVbemyxCkSESfzHLfUPGOUK.c.bw6Zq.-.ij5kpmGho6BNo0CSI1uZnjnuSROpKuTGk-GbyhUdDRqKsKlVQj8yaYKls3ObKQ7iuHNZXW9deeM6CNHYEsnkipo-hbAT39uxLDfVSjCGKV4IXfvdTBKnh9FyPVeEr5Dc-bWWKv5FnTUTK2aj65wvRowos0yUxxCTXTx6BvsecgJc1pxjE.mMRD..lXdBK0xSpWS5YMcmK7hy-BKPOjWGIry12X32RHQj-6WBzV9.zBRXFgE4l3rhIAnzNTS8ivZOI.1BiM9pC-Im1H9.WNH3SsOMCC53GKC7d8H4gm5q-QURVEZoNvN1YRu9xjrYtSHQQzPFbim9h7K14HYuZwV.k0ehw6h.X7xb9YQjxHoeRPyt53gmNB16JYwNNNlKEck6QI-DEiKZxZT2A.WPh3OMoADzj4ofgRh.yzFV..gVgXwNdOuyRHrr5jMGURqZQmWkc5VLbDD8hGTPoIjYjEdyAhdxJSWVh4k66EkY0xgqp.8QOT4bSS4ZBNl3t4omD5SjzI3zDs0j6QBivKm9CE98f5AD5CKvFPzoQT2yUgD2rrTYY9nzqykwi1CXQl1Ok5KmwLHGCUA2OylitDwvBoNah-SMfMuSmEHGSbxrqt1CJnFqF39Wdlw2VLpwOYs2aQ.QWrVjwIH.JddcMXmVS9dev5fGlTbePnEJFmIoBf8MkQZ-9CEesv7DiQ8TNPwFSeEndZVNNZHNjtevoNObqlpaUGtZ3HmDjzgEdhlXlfUMHTIJB-0vz7GupKXtyk7D4o2qWtHGKF0Kh77wACO1ofgO38NHBx928sA4vuYdXL.tEjyw1i9XHPMNel4xxY2MjwSt2TXPWVBNrx2yNhSuNQOXAcu4OMwg4QC3OFoMhfqQ4LN39Y8JVQkHUvnjCeyjG.x2HxguGXo7zynKKyN19W4kbUKj1vKce1pIpMUMZC7ycnLXYE3T0OS7ji0xUJ794Jm7dw7vHE6gz15L4c.ypqMKbWhINU7oOLJb-mDpDxiGPjT4aZOLidgfvkXZSie-0TptdaVUrcBX1Rzx3iUoKQGfablXgXrjqZlfDkhT65TdRKS36zFUmcvLlFcjE6StOGjiEryzkumhYeLHUV9Lalfc9bGiyehn.caoCnUtzh.f5PPH2PSgR0PlFGk4fjG4Q48dcwdyAmtTlttSLa8G0K3dCaPfbbIBVU9yQLQiXZTjqpESDW2TDkamh9g6BHdqoHq.DFH5Uf-IAStrVoorQ2pKRVpntqvDadZ96yaLuwgCk95mDTvfRK.i4XfvCr5nb4kUtzku-T-ka.supmm8hlLYMttW-wB3KKVsGoSfiS7uSSa.8LMR7NPuELPm7npQh23VOqIsoJWFWLFkvyPWmUrHUKb2RQm3XfTbEjLN9wwlbIKuzr7u9lETDn3phCVHKCBH8.PNgnfjOKGBeM_&v=4&ap=5&rp=5&idx=5&idx=9&sw_check_ab=283324
SHENLI申力 步进电机行星减速机 多种规格及速比 齿轮箱小型微型,¥100.0,,https://dj.1688.com/ci_bb?spm=a26352.13672862.offerlist.44.160a1e62phJvGo&a=2738&e=c70fzGfXvxTgr1R9YClO22Foj2GqW8P2jsHSHVQh908Q.oLGPNjvbPnxCVTW3ensN0KOuDSsovwsZbyAgrMqHjRZUc3m3pgmYsM4o3wsUaYwPbYhN0180ITDaxi9c4Efx77iHIleCHUkIEmcTDgtfir3pe5GfOrVjiuzr62TAEdn8woBxp-llfqQ4vubnr05VexRCb.UNOnlyDAc94G39a-HPnax5MMTGw0nAZr2PVFZ3mygP7NReZ-VRkreh4db.32ucHAnNdFeRKP.4GmaC6ip5PQjm.dot0JOyD6lONqRYSp.ZN9ncdqxRo1hdY1iTHoVoSADf85fmOuYgEfCoe7L-ZPNqRT1FmvXQRLXxb.tyEctomBHMjIEm3X3yb.B2YHydT.s066I0ecnanzD4naoycOq.X.adA-6iAIHBB44zq-zqxAQHdOJWaq8nmWVJ9C5QezeQkxfhyC.a0Ea1kzl9M5rM0DjXu4DvlHzKePTO.50F-7iOaREg7dU6Kj2n5aINKJX6odjh4f0rLIc-4w7v0FdW3I9JYfSe15iTrnqSuZd8oa0DS1AXWqm0y5aiU14zyY-suj64sYtd-5focPXr486Onb4csbTbHtAgjPvDI-IdfEy4XyXQ0st.sZdwO3ow6OfpyghqBv7JBZ-l7zreiCMMZvGXCNvhRpAf0flH-1NbAErgjIMpdGs1SCLo7dJMCfKfJU7RDGEDtMBcrbLw3mMjznC67lwW81beaXj4zyOku98XPC2lYMcMy7lyiRxa9b-xi4pFIRUJVhXOb8Owi2Fmgy4C-JKvgg.N58v8PGAoos0smVLOXEqsYeqz6gH9kz7kKzktRP9pHDlkgYrpGyCN6hi5Bul2MaTvvYsWBMxI7LELI2lYlIOF9x4iLdUeWKdE4ir244xbvBwKlv9-JLrR2e3xdYa0m-YVJH3h75eAUDlGTYEtXu7LoRB3HNb28W7Z-wtB.nj5DBr.6rIuulNxtjabNPlANspsHeNtAgZpA2DmNRJNJKowUtYKOn6HkrP3mYia1pPn9HK4JtAQWxcLAWiPxSfvIybJygM15R55BBcMNvfIKKdABxEBta.88Z5EGtf-jF8Bm5LGncw2616W3ZQnwRtZW7nRaDhV8tJJppQoQfyROYYNLCbLx980qBxGkO3sIjZm-LFitjSdUXf2i5xeuxfgCibl4LRngQbZQ8jyFrDr9rrLK1I4GVQuSF-WBAIPWLl.23BLyM0PNNJrnAjOBa.gjrMrbyoMIwZ3F1spXyWg74h2k7R67npdIpxRg05NyJ7np.-LF6cnEE5PInOTcrv-.BSodVdfzSueJP.tZ0k1FLeCgGugafnHtr.h-GzfIxxsZZL14H8hSCyqOXNguh.HcWvVF6PI4Jg2MStZonHODYCVX4s9RBxiRy8TrjyG-DX.UMLx6nOE-6-2wMvBkDMQzDrEVyEoxDE.8FKk24ZBCnJvZKApQ.YFTVNcuEC06wJdrA.z-2snCe77ACp5497qjZA3IRrpOVKG-5ecsSIsUIHa85Y2FvQAMFYTEomWdRDHWEjl5k8efJkbPAf39rhWctvvMYOKBDUn6pY4BVLB1RE0wSeucABdcxDH-ts6aOOZmViEpPk.R0xR-3gDW4SxiWzFA9myIZG4CGMxnpKWh6fJWuJw9gKoWxMuGb0bkMNTCpz7iAJhu5YQTqqi1LZOVVdOfNCp2TQ5tUPBA7oxm2AwoAn&v=4&ap=6&rp=6&idx=6&idx=10&sw_check_ab=283324
行星减速机高精密配步进伺服减速机PRF6090120齿轮机厂家直销,¥188.0,成交900+元,https://dj.1688.com/ci_bb?spm=a26352.13672862.offerlist.48.160a1e62phJvGo&a=2738&e=TR9Q7m8uu93gr1R9YClO22Foj2GqW8P2jsHSHVQh908Q.oLGPNjvbPnxCVTW3ensqo9WbmyzT.-i3gEpoOPC44dF2nPdO.qwIPZ24M2F5ctc2T40Q8s-h1Vf26Mhrk5-tvw8tDeo1Q.sQBcpq7Wjec2X20KuCkKktg2CK0SYxRjG1oUpwd2mN9.1JMkUe5CUvrEqE9PZ5Cb9IVMVwIavdUFp0-A4BEnaQTg879EBGWY0ppKfeodkGdZrfm8YvKqV3Azcx4.-Osti5kqozWvLW7eOeWBqyhilL-8ASJx8gHZ1NceculmsltTbI4MLVbemyxCkSESfzHLfUPGOUK.c.bw6Zq.-.ij5kpmGho6BNo0CSI1uZnjnuSROpKuTGk-GbyhUdDRqKsKlVQj8yaYKls3ObKQ7iuHNZXW9deeM6CNHYEsnkipo-hbAT39uxLDfVSjCGKV4IXfvdTBKnh9FyOYbGiEYnd7q-acMeKhWEzWZnbtm4dWGio-H0ETPiLvA6BvsecgJc1r5xRZk2GRSTu66ENNjZIix5YMcmK7hy-BKPOjWGIry12X32RHQj-6WBzV9.zBRXFgE4l3rhIAnzNTS8ivZOI.1BiM9pC-Im1H9.WNH3SsOMCC53GKC7d8H4gm5q-QURVEZoNvN1YRu9xjrYtSHQQzPFbim9h7K14HYuZwV.k0ehw6h.X7xb9YQjxHoeRPyt53gmNB16JYwNNNlKEck6QI-DEiKZxZT2A.WPh3OMoADzj4ofgRh.yzFV..gVgXwNdOuyRHrr5jMGURqZQmWkc5VLbDD8hGTPoIjYjEdyAhdxJSWVh4k66EkY0xgqp.8QOT4bSS4ZBNl3t4omD5SjzI3zDs0j6QBivKm9CE98f5AD5CKvFPzoQT2yUgD2rrTYY9nzqykwi1CXQl1Ok5KmwLHGCUA2OylitDwvBoNah-SMfMuSmEHGSbxrqt1CJnFqF39Wdlw2VLpwOYs2aQ.QWrVjwIH.JddcMXmVS9dev5fGlTbePnEJFmIoBf8MkQZ-9CEesv7DiQ8TNPwFSeEndZVNNZHNjtevoNObqlpaUGtZ3HmDjzgEdhlXlfUMHTIJB-0vz7GupKXtyk7D4o2qWtHGKF0Kh77wACO1ofgO38NHBx928sA4vuYdXL.tEjyw1i9XHPMNel4xxY2MjwSt2TXPWVBNrx2yNhSuNQOXAcu4OMwg4QC3OFoMhfqQ4LN39Y8JVQkHUvnjCeyjG.x2HxguGXo7zynKKyN19W4kbUKj1vKce1pIpMUMZC7ycnLXYE3T0OS7ji0xUJ794Jm7dw7vHE6gz15L4c.ypqMKbWhINU7oOLJb-mDpDxiGPjT4aZOLidgfvkXZSie-0TptdaVUrcBX1Rzx3iUoKQGfablXgXrjqZlfDkhT65TdRKS36zFUmcvLlFcjE6StOGjiEryzkumhYeLHUV9Lalfc9bGiyehn.caoCnUtzh.f5PPH2PSgR0PlFGk4fjG4Q48dcwdyAmtTlttSLa8G0K3dCaPfbbIBVU9yQLQiXZTjqpESDW2TDkamh9g6BHdqoHq.DFH5Uf-IAStrVoorQ2pKRVpntqvDadZ96yaLuwgCk95mDTvfRK.i4XfvCr5nb4kUtzku-T-ka.supkCm8Qd0qyK6gOybrhV78abjqvpMiqvcQX4RgTjkBpyyqHxJkODIwPnsAqhIl1yiSHITrA-3XyrpECONv3twhNjTuHZ.L.c25wCZr4YdlBREAtIAr3kQAQRNtT9LFso-lk_&v=4&ap=7&rp=7&idx=7&idx=11&sw_check_ab=283324
拐角伺服行星减速器 ZPLF060/090伺服电机用直齿方法兰机,¥650.0,,https://dj.1688.com/ci_bb?spm=a26352.13672862.offerlist.52.160a1e62phJvGo&a=2738&e=sKgnGh9L9L.gr1R9YClO22Foj2GqW8P2jsHSHVQh908Q.oLGPNjvbPnxCVTW3enslwIafIh6jlNEOF-IF7LOhN3jhsWE4CXtTvmq1fNzQmAwPbYhN0180ITDaxi9c4Efx77iHIleCHUowqkfXmP7MP2Mf2yCDLLSjiuzr62TAEdn8woBxp-llYESQtz5F0sRhiquwOCr1fgCT3z.TybDcLxBZaCpFMxx5ZW40WLhEylpXUeFe4DIwp-VRkreh4dbFNocdneL9CdeRKP.4GmaC6ip5PQjm.dot0JOyD6lONqRYSp.ZN9ncdqxRo1hdY1iTHoVoSADf85fmOuYgEfCoe7L-ZPNqRT1FmvXQRLXxb.tyEctomBHMjIEm3X3yb.B2YHydT.s066I0ecnanzD4naoycOq.X.adA-6iAIHBB4z3K96s4AbQ5CR.hBcJog6LmPKFM.8hQmUaPCqKcEzwEzl9M5rM0DjE0jvOh6wM4RvEhMxaxnzhqREg7dU6Kj2n5aINKJX6odjh4f0rLIc-4w7v0FdW3I9JYfSe15iTrnqSuZd8oa0DS1AXWqm0y5aiU14zyY-suj64sYtd-5focPXr486Onb4csbTbHtAgjPvDI-IdfEy4XyXQ0st.sZdwO3ow6OfpyghqBv7JBZ-l7zreiCMMZvGXCNvhRpAf0flH-1NbAErgjIMpdGs1SCLo7dJMCfKfJU7RDGEDtMBcrbLw3mMjznC67lwW81beaXj4zyOku98XPC2lYMcMy7lyiRxa9b-xi4pFIRUJVhXOb8Owi2Fmgy4C-JKvgg.N58v8PGAoos0smVLOXEqsYeqz6gH9kz7kKzktRP9pHDlkgYrpGyCN6hi5Bul2MaTvvYsWBMxI7LELI2lYlIOF9x4iLdUeWKdE4ir244xbvBwKlv9-JLrR2e3xdYa0m-YVJH3h75eAUDlGTYEtXu7LoRB3HNb28W7Z-wtB.nj5DBr.6rIuulNxtjabNPlANspsHeNtAgZpA2DmNRJNJKowUtYKOn6HkrP3mYia1pPn9HK4JtAQWxcLAWiPxSfvIybJygM15R55BBcMNvfIKKdABxEBta.88Z5EGtf-jF8Bm5LGncw2616W3ZQnwRtZW7nRaDhV8tJJppQoQfyROYYNLCbLx980qBxGkO3sIjZm-LFitjSdUXf2i5xeuxfgCibl4LRngQbZQ8jyFrDr9rrLK1I4GVQuSF-WBAIPWLl.23BLyM0PNNJrnAjOBa.gjrMrbyoMIwZ3F1spXyWg74h2k7R67npdIpxRg05NyJ7np.-LF6cnEE5PInOTcrv-.BSodVdfzSueJP.tZ0k1FLeCgGugafnHtr.h-GzfIxxsZZL14H8hSCyqOXNguh.HcWvVF6PI4Jg2MStZonHODYCVX4s9RBxiRy8TrjyG-DX.UMLx6nOE-6-2wMvBkDMQzDrEVyEoxDE.8FKk24ZBCnJvZKApQ.YFTVNcuEC06wJdrA.z-2snCe77ACp5497qjZA3IRrpOVKG-5ecsSIsUIHa85Y2FvQAMFYTEomWdRDHWEjl5k8efJkbPAf39rhWctvvMYOKBDUn6pY4BVLB1RE0wSetiMwbJ.b5r9s6aOOZmViEpPk.R0xR-3gDW4SxiWzFA9myIZG4CGMxjXwcsALWy.JA-ZHTHdFV2P0bkMNTCpz7iAJhu5YQTqqi1LZOVVdOfNCp2TQ5tUPBA7oxm2AwoAn&v=4&ap=8&rp=8&idx=8&idx=12&sw_check_ab=283324
行星减速机配型PX57 60 80 86 110 130步进/伺服电机减速器齿轮箱,¥160.0,成交2万+元,https://detail.1688.com/offer/618470620676.html?spm=a26352.13672862.offerlist.55.160a1e62phJvGo
BWD减速机 卧式摆线针轮减速机 硬齿面行星减速机低噪音变速机,¥1500,成交7000+元,https://detail.1688.com/offer/596833161170.html?spm=a26352.13672862.offerlist.60.160a1e62phJvGo
步进行星减速机 精密行星齿轮减速机57/86/110/130伺服行星减速机,¥150.0,成交3000+元,https://detail.1688.com/offer/572759804048.html?spm=a26352.13672862.offerlist.65.160a1e62phJvGo
HLR060精密行星减速机60 90 120行星减速机伺服步进精密行星减速,¥960.0,成交3000+元,https://detail.1688.com/offer/636355771057.html?spm=a26352.13672862.offerlist.70.160a1e62phJvGo
现货供应MB系列行星摩擦无极变速机 无极调速减速机,¥540.0,成交1000+元,https://detail.1688.com/offer/589639629810.html?spm=a26352.13672862.offerlist.75.160a1e62phJvGo
源头工厂批发APEX精锐减速机 AB系列行星减速机 单级减速机定 制,¥1000,成交4000+元,https://detail.1688.com/offer/644547986685.html?spm=a26352.13672862.offerlist.80.160a1e62phJvGo
供应伺服减速机行星齿轮减速机KRF60-L1/L2机械手设备可用减速机,¥185.0,成交4000+元,https://detail.1688.com/offer/525889926756.html?spm=a26352.13672862.offerlist.85.160a1e62phJvGo
精密行星减速机57 86 110步进电机减速器斜齿直齿伺服电机减速机,¥300.0,成交1000+元,https://detail.1688.com/offer/694761399925.html?spm=a26352.13672862.offerlist.90.160a1e62phJvGo
常州立式小型卧式摆针式减速器配国标铜芯电机行星摆线针轮减速机,¥410.0,成交8万+元,https://detail.1688.com/offer/626407505245.html?spm=a26352.13672862.offerlist.95.160a1e62phJvGo
